"Ref","Property","Value","SearchLiteral"
"e1cib/data/Catalog.ItemKeys?ref=aa78120ed92fbced11eaf115bcc9c5fb","e1cib/data/ChartOfCharacteristicTypes.AddAttributeAndProperty?ref=aa78120ed92fbced11eaf114c59ef033","e1cib/data/Catalog.AddAttributeAndPropertyValues?ref=aa78120ed92fbced11eaf114c59ef038",""
"e1cib/data/Catalog.ItemKeys?ref=aa78120ed92fbced11eaf115bcc9c5fb","e1cib/data/ChartOfCharacteristicTypes.AddAttributeAndProperty?ref=aa78120ed92fbced11eaf114c59ef034","e1cib/data/Catalog.AddAttributeAndPropertyValues?ref=aa78120ed92fbced11eaf115bcc9c5db",""
"e1cib/data/Catalog.ItemKeys?ref=aa78120ed92fbced11eaf115bcc9c5fc","e1cib/data/ChartOfCharacteristicTypes.AddAttributeAndProperty?ref=aa78120ed92fbced11eaf114c59ef033","e1cib/data/Catalog.AddAttributeAndPropertyValues?ref=aa78120ed92fbced11eaf114c59ef039",""
"e1cib/data/Catalog.ItemKeys?ref=aa78120ed92fbced11eaf115bcc9c5fc","e1cib/data/ChartOfCharacteristicTypes.AddAttributeAndProperty?ref=aa78120ed92fbced11eaf114c59ef034","e1cib/data/Catalog.AddAttributeAndPropertyValues?ref=aa78120ed92fbced11eaf115bcc9c5dc",""
"e1cib/data/Catalog.ItemKeys?ref=aa78120ed92fbced11eaf115bcc9c5fd","e1cib/data/ChartOfCharacteristicTypes.AddAttributeAndProperty?ref=aa78120ed92fbced11eaf114c59ef033","e1cib/data/Catalog.AddAttributeAndPropertyValues?ref=aa78120ed92fbced11eaf114c59ef03a",""
"e1cib/data/Catalog.ItemKeys?ref=aa78120ed92fbced11eaf115bcc9c5fd","e1cib/data/ChartOfCharacteristicTypes.AddAttributeAndProperty?ref=aa78120ed92fbced11eaf114c59ef034","e1cib/data/Catalog.AddAttributeAndPropertyValues?ref=aa78120ed92fbced11eaf115bcc9c5de",""
"e1cib/data/Catalog.ItemKeys?ref=aa78120ed92fbced11eaf115bcc9c5fe","e1cib/data/ChartOfCharacteristicTypes.AddAttributeAndProperty?ref=aa78120ed92fbced11eaf114c59ef033","e1cib/data/Catalog.AddAttributeAndPropertyValues?ref=aa78120ed92fbced11eaf114c59ef03b",""
"e1cib/data/Catalog.ItemKeys?ref=aa78120ed92fbced11eaf115bcc9c5fe","e1cib/data/ChartOfCharacteristicTypes.AddAttributeAndProperty?ref=aa78120ed92fbced11eaf114c59ef034","e1cib/data/Catalog.AddAttributeAndPropertyValues?ref=aa78120ed92fbced11eaf115bcc9c5e0",""
"e1cib/data/Catalog.ItemKeys?ref=aa78120ed92fbced11eaf115bcc9c5ff","e1cib/data/ChartOfCharacteristicTypes.AddAttributeAndProperty?ref=aa78120ed92fbced11eaf114c59ef033","e1cib/data/Catalog.AddAttributeAndPropertyValues?ref=aa78120ed92fbced11eaf114c59ef03c",""
"e1cib/data/Catalog.ItemKeys?ref=aa78120ed92fbced11eaf115bcc9c5ff","e1cib/data/ChartOfCharacteristicTypes.AddAttributeAndProperty?ref=aa78120ed92fbced11eaf114c59ef034","e1cib/data/Catalog.AddAttributeAndPropertyValues?ref=aa78120ed92fbced11eaf115bcc9c5e0",""
"e1cib/data/Catalog.ItemKeys?ref=aa78120ed92fbced11eaf11992f9b8d3","e1cib/data/ChartOfCharacteristicTypes.AddAttributeAndProperty?ref=aa78120ed92fbced11eaf114c59ef033","e1cib/data/Catalog.AddAttributeAndPropertyValues?ref=aa78120ed92fbced11eaf114c59ef03d",""
"e1cib/data/Catalog.ItemKeys?ref=aa78120ed92fbced11eaf11992f9b8d3","e1cib/data/ChartOfCharacteristicTypes.AddAttributeAndProperty?ref=aa78120ed92fbced11eaf114c59ef034","e1cib/data/Catalog.AddAttributeAndPropertyValues?ref=aa78120ed92fbced11eaf115bcc9c5df",""
"e1cib/data/Catalog.ItemKeys?ref=aa78120ed92fbced11eaf11df09c894a","e1cib/data/ChartOfCharacteristicTypes.AddAttributeAndProperty?ref=aa78120ed92fbced11eaf114c59ef033","e1cib/data/Catalog.AddAttributeAndPropertyValues?ref=aa78120ed92fbced11eaf114c59ef03a",""
"e1cib/data/Catalog.ItemKeys?ref=aa78120ed92fbced11eaf11df09c894a","e1cib/data/ChartOfCharacteristicTypes.AddAttributeAndProperty?ref=aa78120ed92fbced11eaf114c59ef034","e1cib/data/Catalog.AddAttributeAndPropertyValues?ref=aa78120ed92fbced11eaf115bcc9c5dd",""
"e1cib/data/Catalog.ItemKeys?ref=aa78120ed92fbced11eaf115bcc9c600","e1cib/data/ChartOfCharacteristicTypes.AddAttributeAndProperty?ref=aa78120ed92fbced11eaf114c59ef033","e1cib/data/Catalog.AddAttributeAndPropertyValues?ref=aa78120ed92fbced11eaf115bcc9c5d7",""
"e1cib/data/Catalog.ItemKeys?ref=aa78120ed92fbced11eaf115bcc9c600","e1cib/data/ChartOfCharacteristicTypes.AddAttributeAndProperty?ref=aa78120ed92fbced11eaf114c59ef034","e1cib/data/Catalog.AddAttributeAndPropertyValues?ref=aa78120ed92fbced11eaf115bcc9c5db",""
"e1cib/data/Catalog.ItemKeys?ref=aa78120ed92fbced11eaf115bcc9c601","e1cib/data/ChartOfCharacteristicTypes.AddAttributeAndProperty?ref=aa78120ed92fbced11eaf114c59ef033","e1cib/data/Catalog.AddAttributeAndPropertyValues?ref=aa78120ed92fbced11eaf115bcc9c5d9",""
"e1cib/data/Catalog.ItemKeys?ref=aa78120ed92fbced11eaf115bcc9c601","e1cib/data/ChartOfCharacteristicTypes.AddAttributeAndProperty?ref=aa78120ed92fbced11eaf114c59ef034","e1cib/data/Catalog.AddAttributeAndPropertyValues?ref=aa78120ed92fbced11eaf115bcc9c5db",""
"e1cib/data/Catalog.ItemKeys?ref=aa78120ed92fbced11eaf115bcc9c602","e1cib/data/ChartOfCharacteristicTypes.AddAttributeAndProperty?ref=aa78120ed92fbced11eaf114c59ef033","e1cib/data/Catalog.AddAttributeAndPropertyValues?ref=aa78120ed92fbced11eaf115bcc9c5d7",""
"e1cib/data/Catalog.ItemKeys?ref=aa78120ed92fbced11eaf115bcc9c602","e1cib/data/ChartOfCharacteristicTypes.AddAttributeAndProperty?ref=aa78120ed92fbced11eaf114c59ef034","e1cib/data/Catalog.AddAttributeAndPropertyValues?ref=aa78120ed92fbced11eaf115bcc9c5df",""
"e1cib/data/Catalog.ItemKeys?ref=aa78120ed92fbced11eaf115bcc9c603","e1cib/data/ChartOfCharacteristicTypes.AddAttributeAndProperty?ref=aa78120ed92fbced11eaf114c59ef033","e1cib/data/Catalog.AddAttributeAndPropertyValues?ref=aa78120ed92fbced11eaf115bcc9c5d9",""
"e1cib/data/Catalog.ItemKeys?ref=aa78120ed92fbced11eaf115bcc9c603","e1cib/data/ChartOfCharacteristicTypes.AddAttributeAndProperty?ref=aa78120ed92fbced11eaf114c59ef034","e1cib/data/Catalog.AddAttributeAndPropertyValues?ref=aa78120ed92fbced11eaf115bcc9c5e1",""
"e1cib/data/Catalog.ItemKeys?ref=aa78120ed92fbced11eaf115bcc9c604","e1cib/data/ChartOfCharacteristicTypes.AddAttributeAndProperty?ref=aa78120ed92fbced11eaf114c59ef033","e1cib/data/Catalog.AddAttributeAndPropertyValues?ref=aa78120ed92fbced11eaf115bcc9c5d7",""
"e1cib/data/Catalog.ItemKeys?ref=aa78120ed92fbced11eaf115bcc9c604","e1cib/data/ChartOfCharacteristicTypes.AddAttributeAndProperty?ref=aa78120ed92fbced11eaf114c59ef037","e1cib/data/Catalog.AddAttributeAndPropertyValues?ref=aa78120ed92fbced11eaf115bcc9c5e2",""
"e1cib/data/Catalog.ItemKeys?ref=aa78120ed92fbced11eaf115bcc9c605","e1cib/data/ChartOfCharacteristicTypes.AddAttributeAndProperty?ref=aa78120ed92fbced11eaf114c59ef033","e1cib/data/Catalog.AddAttributeAndPropertyValues?ref=aa78120ed92fbced11eaf115bcc9c5d8",""
"e1cib/data/Catalog.ItemKeys?ref=aa78120ed92fbced11eaf115bcc9c605","e1cib/data/ChartOfCharacteristicTypes.AddAttributeAndProperty?ref=aa78120ed92fbced11eaf114c59ef037","e1cib/data/Catalog.AddAttributeAndPropertyValues?ref=aa78120ed92fbced11eaf115bcc9c5e2",""
"e1cib/data/Catalog.ItemKeys?ref=aa78120ed92fbced11eaf115bcc9c606","e1cib/data/ChartOfCharacteristicTypes.AddAttributeAndProperty?ref=aa78120ed92fbced11eaf114c59ef033","e1cib/data/Catalog.AddAttributeAndPropertyValues?ref=aa78120ed92fbced11eaf115bcc9c5d9",""
"e1cib/data/Catalog.ItemKeys?ref=aa78120ed92fbced11eaf115bcc9c606","e1cib/data/ChartOfCharacteristicTypes.AddAttributeAndProperty?ref=aa78120ed92fbced11eaf114c59ef037","e1cib/data/Catalog.AddAttributeAndPropertyValues?ref=aa78120ed92fbced11eaf115bcc9c5e2",""
"e1cib/data/Catalog.ItemKeys?ref=aa78120ed92fbced11eaf115bcc9c607","e1cib/data/ChartOfCharacteristicTypes.AddAttributeAndProperty?ref=aa78120ed92fbced11eaf114c59ef033","e1cib/data/Catalog.AddAttributeAndPropertyValues?ref=aa78120ed92fbced11eaf115bcc9c5da",""
"e1cib/data/Catalog.ItemKeys?ref=aa78120ed92fbced11eaf115bcc9c607","e1cib/data/ChartOfCharacteristicTypes.AddAttributeAndProperty?ref=aa78120ed92fbced11eaf114c59ef037","e1cib/data/Catalog.AddAttributeAndPropertyValues?ref=aa78120ed92fbced11eaf115bcc9c5e2",""
"e1cib/data/Catalog.ItemKeys?ref=aa78120ed92fbced11eaf115bcc9c608","e1cib/data/ChartOfCharacteristicTypes.AddAttributeAndProperty?ref=aa78120ed92fbced11eaf114c59ef033","e1cib/data/Catalog.AddAttributeAndPropertyValues?ref=aa78120ed92fbced11eaf115bcc9c5da",""
"e1cib/data/Catalog.ItemKeys?ref=aa78120ed92fbced11eaf115bcc9c608","e1cib/data/ChartOfCharacteristicTypes.AddAttributeAndProperty?ref=aa78120ed92fbced11eaf114c59ef037","e1cib/data/Catalog.AddAttributeAndPropertyValues?ref=aa78120ed92fbced11eaf115bcc9c5e3",""
"e1cib/data/Catalog.ItemKeys?ref=aa78120ed92fbced11eaf115bcc9c609","e1cib/data/ChartOfCharacteristicTypes.AddAttributeAndProperty?ref=aa78120ed92fbced11eaf114c59ef033","e1cib/data/Catalog.AddAttributeAndPropertyValues?ref=aa78120ed92fbced11eaf115bcc9c5d8",""
"e1cib/data/Catalog.ItemKeys?ref=aa78120ed92fbced11eaf115bcc9c609","e1cib/data/ChartOfCharacteristicTypes.AddAttributeAndProperty?ref=aa78120ed92fbced11eaf114c59ef037","e1cib/data/Catalog.AddAttributeAndPropertyValues?ref=aa78120ed92fbced11eaf115bcc9c5e3",""
"e1cib/data/Catalog.ItemKeys?ref=aa78120ed92fbced11eaf11c17ff4367","e1cib/data/ChartOfCharacteristicTypes.AddAttributeAndProperty?ref=aa78120ed92fbced11eaf11c17ff4363","e1cib/data/Catalog.AddAttributeAndPropertyValues?ref=aa78120ed92fbced11eaf11c17ff4366",""
"e1cib/data/Catalog.ItemKeys?ref=aa78120ed92fbced11eaf11c17ff4369","e1cib/data/ChartOfCharacteristicTypes.AddAttributeAndProperty?ref=aa78120ed92fbced11eaf11c17ff4363","e1cib/data/Catalog.AddAttributeAndPropertyValues?ref=aa78120ed92fbced11eaf11c17ff4368",""
"e1cib/data/Catalog.ItemKeys?ref=aa78120ed92fbced11eaf1277d18ed8c","e1cib/data/ChartOfCharacteristicTypes.AddAttributeAndProperty?ref=aa78120ed92fbced11eaf114c59ef032","e1cib/data/Catalog.AddAttributeAndPropertyValues?ref=aa78120ed92fbced11eaf115bcc9c5eb",""
"e1cib/data/Catalog.ItemKeys?ref=aa78120ed92fbced11eaf1277d18ed8d","e1cib/data/ChartOfCharacteristicTypes.AddAttributeAndProperty?ref=aa78120ed92fbced11eaf114c59ef032","e1cib/data/Catalog.AddAttributeAndPropertyValues?ref=aa78120ed92fbced11eaf115bcc9c5ea",""
"e1cib/data/Catalog.ItemKeys?ref=aa78120ed92fbced11eaf128cde918bd","e1cib/data/ChartOfCharacteristicTypes.AddAttributeAndProperty?ref=aa78120ed92fbced11eaf114c59ef033","e1cib/data/Catalog.AddAttributeAndPropertyValues?ref=aa78120ed92fbced11eaf114c59ef039",""
"e1cib/data/Catalog.ItemKeys?ref=aa78120ed92fbced11eaf128cde918bd","e1cib/data/ChartOfCharacteristicTypes.AddAttributeAndProperty?ref=aa78120ed92fbced11eaf114c59ef034","e1cib/data/Catalog.AddAttributeAndPropertyValues?ref=aa78120ed92fbced11eaf115bcc9c5df",""
"e1cib/data/Catalog.ItemKeys?ref=aa78120ed92fbced11eaf13dc8cb47d7","e1cib/data/ChartOfCharacteristicTypes.AddAttributeAndProperty?ref=aa78120ed92fbced11eaf13dc8cb47cf","e1cib/data/Catalog.AddAttributeAndPropertyValues?ref=aa78120ed92fbced11eaf13dc8cb47d4",""
"e1cib/data/Catalog.ItemKeys?ref=aa78120ed92fbced11eaf13dc8cb47d7","e1cib/data/ChartOfCharacteristicTypes.AddAttributeAndProperty?ref=aa78120ed92fbced11eaf13dc8cb47ce","e1cib/data/Catalog.AddAttributeAndPropertyValues?ref=aa78120ed92fbced11eaf13dc8cb47d3",""
"e1cib/data/Catalog.ItemKeys?ref=aa78120ed92fbced11eaf13dc8cb47d8","e1cib/data/ChartOfCharacteristicTypes.AddAttributeAndProperty?ref=aa78120ed92fbced11eaf13dc8cb47cf","e1cib/data/Catalog.AddAttributeAndPropertyValues?ref=aa78120ed92fbced11eaf13dc8cb47d4",""
"e1cib/data/Catalog.ItemKeys?ref=aa78120ed92fbced11eaf13dc8cb47d8","e1cib/data/ChartOfCharacteristicTypes.AddAttributeAndProperty?ref=aa78120ed92fbced11eaf13dc8cb47ce","e1cib/data/Catalog.AddAttributeAndPropertyValues?ref=aa78120ed92fbced11eaf13dc8cb47d2",""
"e1cib/data/Catalog.ItemKeys?ref=aa79120ed92fbced11eafcb72c775d78","e1cib/data/ChartOfCharacteristicTypes.AddAttributeAndProperty?ref=aa78120ed92fbced11eaf13dc8cb47de","e1cib/data/Catalog.AddAttributeAndPropertyValues?ref=aa79120ed92fbced11eafcb72c775d77",""
"e1cib/data/Catalog.ItemKeys?ref=b788b483d858e32911ed60063aae4ba5","e1cib/data/ChartOfCharacteristicTypes.AddAttributeAndProperty?ref=aa78120ed92fbced11eaf11c17ff4363","e1cib/data/Catalog.AddAttributeAndPropertyValues?ref=b788b483d858e32911ed60063aae4ba4",""
