"Ref","Key","AffectPricingMD5"
"e1cib/data/Catalog.ItemKeys?ref=aa78120ed92fbced11eaf115bcc9c60e","04a88de2-7461-44d6-9c33-df78b6841ebd","B4 BC 90 82 48 50 0F 6D CD B4 80 1D 8E 3D 40 B9"
"e1cib/data/Catalog.ItemKeys?ref=aa78120ed92fbced11eaf115bcc9c60e","e98df593-1200-46cb-87f5-416aa22ec470","95 CA D3 29 86 88 5B 76 3D C5 41 5B 55 BC F4 EA"
"e1cib/data/Catalog.ItemKeys?ref=aa78120ed92fbced11eaf115bcc9c60e","6981aa73-27a4-42fe-9e9c-c51651a2d907","65 B6 6E 03 66 0A 1F CA 61 ED 3A F2 39 25 FE BB"
"e1cib/data/Catalog.ItemKeys?ref=aa78120ed92fbced11eaf115bcc9c60e","c4119074-f627-4552-8a98-ce9b4d0d4dd9","3B 2E 7E 34 17 31 B2 6A 9F B5 7A 4C AC 24 ED 0D"
"e1cib/data/Catalog.ItemKeys?ref=aa78120ed92fbced11eaf11c9f09fc9f","9839814b-ee30-4f9b-a4ec-e87adba8752e","72 5A 2A A2 92 50 1D 2B 4F 66 3F FE D8 BA 51 E7"
"e1cib/data/Catalog.ItemKeys?ref=aa78120ed92fbced11eaf11c9f09fc9f","7e3c3017-757e-402e-82c2-16d7df0bf21c","D8 CF 43 85 24 8F 9F 05 96 17 C0 C1 A9 B5 90 94"
"e1cib/data/Catalog.ItemKeys?ref=aa78120ed92fbced11eaf115bcc9c60f","44d04502-4d2a-4bd8-a3c8-cef0fbdd7695","EF 6C 41 2B 0C BD 40 D1 B4 AD AA 64 0C 80 C4 91"
"e1cib/data/Catalog.ItemKeys?ref=aa78120ed92fbced11eaf115bcc9c60f","1ed0d1d2-5909-45b0-b262-9dee6e6bd1ba","CD F2 B1 D7 E8 B6 AC DF 4C E8 F8 EA EC F4 9A 6A"
"e1cib/data/Catalog.ItemKeys?ref=aa78120ed92fbced11eaf115bcc9c60f","940b0a86-f0d7-45d3-b51c-646a77e134f1","5C 63 C9 96 13 31 5B BF DB 61 A7 61 22 56 25 12"
"e1cib/data/Catalog.ItemKeys?ref=aa78120ed92fbced11eaf115bcc9c60f","35bf7a84-cbad-41e7-a92f-61216839dafb","9D 5F 6F 88 DF D9 C6 7A 5B A1 E6 0C 5B 51 87 22"
"e1cib/data/Catalog.ItemKeys?ref=aa78120ed92fbced11eaf11c9f09fc96","488459c7-c0b3-4e87-b9ca-cc763c935342","95 CA D3 29 86 88 5B 76 3D C5 41 5B 55 BC F4 EA"
"e1cib/data/Catalog.ItemKeys?ref=aa78120ed92fbced11eaf11c9f09fc96","78680487-c320-4232-afb3-058cacb55b88","8F 63 14 2C C6 14 1E E2 7E B5 99 BD A5 65 D6 16"
"e1cib/data/Catalog.ItemKeys?ref=aa78120ed92fbced11eaf11df09c8947","744caf34-956e-427c-825c-15adcbaa9209","95 CA D3 29 86 88 5B 76 3D C5 41 5B 55 BC F4 EA"
"e1cib/data/Catalog.ItemKeys?ref=aa78120ed92fbced11eaf11df09c8947","06f48ca8-aa64-4c38-896f-0468c1d53fc2","95 CA D3 29 86 88 5B 76 3D C5 41 5B 55 BC F4 EA"
"e1cib/data/Catalog.ItemKeys?ref=aa78120ed92fbced11eaf11df09c8947","5c4a1e9b-f3be-4d0f-a7f0-1a7b1db0aa7d","3B 2E 7E 34 17 31 B2 6A 9F B5 7A 4C AC 24 ED 0D"
"e1cib/data/Catalog.ItemKeys?ref=aa78120ed92fbced11eaf11df09c8947","bda5e52d-cabf-42c5-b995-0357462b0109","8F 63 14 2C C6 14 1E E2 7E B5 99 BD A5 65 D6 16"
"e1cib/data/Catalog.ItemKeys?ref=aa78120ed92fbced11eaf12e233ba2ab","09bbd389-a9f6-4284-94c9-5a74da8e092e","3F 6A E1 8F 8C 07 22 77 18 E6 5F 6B A3 30 EF 3A"
"e1cib/data/Catalog.ItemKeys?ref=aa78120ed92fbced11eaf11c9f09fc99","3a502699-a22f-4b58-ac69-43b76d27829d","95 CA D3 29 86 88 5B 76 3D C5 41 5B 55 BC F4 EA"
"e1cib/data/Catalog.ItemKeys?ref=aa78120ed92fbced11eaf11c9f09fc99","4291aa11-985e-4afc-b5d6-683d59d60c88","3A 88 50 6B DA 09 8F 76 25 AB 55 ED 88 26 6B 2A"
"e1cib/data/Catalog.ItemKeys?ref=aa78120ed92fbced11eaf11c9f09fc99","28f2eca4-c368-4d28-bf77-6bcdb2de90ba","D8 CF 43 85 24 8F 9F 05 96 17 C0 C1 A9 B5 90 94"
"e1cib/data/Catalog.ItemKeys?ref=aa78120ed92fbced11eaf13dc8cb47d6","fe773e93-b36a-4cea-9e05-7988cb899031",""
"e1cib/data/Catalog.ItemKeys?ref=aa78120ed92fbced11eaf13dc8cb47d6","78b69bbb-0ee1-4edb-b7a7-d1beb4d59a2f",""
